Player,Squad,G+A-PK,npxG+xA.1,ShotCreate.1,Goal Creating.1,PassComplete,Shots.1,ShotsOnTarget.1
Pierre Højbjerg,Tottenham,0.16,0.08,1,0.21,0.89,0.37,0.18
Hugo Lloris,Tottenham,0,0,0,0.03,0.72,0,0
Emiliano Martínez,Aston Villa,0,0.01,0,0.03,0.66,0,0
Aaron Ramsdale,Sheffield Utd,0,0,0,0,0.49,0,0
Kasper Schmeichel,Leicester City,0,0,0,0,0.73,0,0
James Ward-Prowse,Southampton,0.32,0.17,2,0.29,0.81,1.03,0.47
Tomáš Souček,West Ham,0.29,0.28,1,0.13,0.77,1.68,0.61
Ashley Westwood,Burnley,0.16,0.16,2,0.13,0.74,0.5,0.16
Stuart Dallas,Leeds United,0.26,0.18,2,0.16,0.82,1.27,0.48
Matt Targett,Aston Villa,0.05,0.09,2,0.19,0.77,0.16,0.05
Luke Ayling,Leeds United,0,0.1,1,0.11,0.79,0.66,0.16
Andrew Robertson,Liverpool,0.21,0.22,3,0.4,0.8,0.51,0.13
Youri Tielemans,Leicester City,0.21,0.17,3,0.43,0.79,1.26,0.48
Vicente Guaita,Crystal Palace,0,0,0,0,0.55,0,0
Sam Johnstone,West Brom,0.03,0.01,0,0.03,0.5,0,0
John McGinn,Aston Villa,0.22,0.14,3,0.32,0.77,1.24,0.3
Rui Patrício,Wolves,0,0,0,0,0.67,0,0
Ollie Watkins,Aston Villa,0.49,0.51,3,0.38,0.73,2.65,1.22
Conor Coady,Wolves,0.03,0.04,0,0,0.88,0.22,0.05
Alphonse Areola,Fulham,0,0,0,0,0.74,0,0
Ederson,Manchester City,0.03,0.01,0,0.03,0.83,0,0
James Tarkowski,Burnley,0.03,0.09,1,0,0.72,0.61,0.17
Ezri Konsa,Aston Villa,0.06,0.07,0,0,0.87,0.62,0.2
Tyrone Mings,Aston Villa,0.11,0.07,0,0.06,0.8,0.54,0.2
Ben White,Brighton,0,0.04,1,0.08,0.83,0.28,0
Aaron Cresswell,West Ham,0.23,0.19,3,0.4,0.75,0.54,0.11
Łukasz Fabiański,West Ham,0,0,0,0,0.61,0,0
Illan Meslier,Leeds United,0,0,0,0.03,0.81,0,0
Bernd Leno,Arsenal,0,0,0,0,0.8,0,0
Cheikhou Kouyaté,Crystal Palace,0.03,0.03,0,0.06,0.79,0.2,0.06
Son Heung-min,Tottenham,0.75,0.53,3,0.43,0.77,1.97,1.01
Yves Bissouma,Brighton,0.03,0.06,2,0.06,0.87,1.22,0.09
Jan Bednarek,Southampton,0.06,0.04,0,0.06,0.85,0.29,0.15
Bruno Fernandes,Manchester Utd,0.61,0.55,5,0.78,0.75,3.19,1.16
Harry Kane,Tottenham,0.96,0.73,3,0.73,0.7,3.91,1.37
Mohamed Salah,Liverpool,0.61,0.66,3,0.41,0.83,3.51,1.35
Dwight McNeil,Burnley,0.21,0.22,2,0.26,0.69,0.76,0.26
Matthew Lowton,Burnley,0.06,0.09,1,0.06,0.69,0.62,0.12
Aaron Wan-Bissaka,Manchester Utd,0.18,0.1,2,0.24,0.86,0.24,0.12
Vladimír Coufal,West Ham,0.21,0.17,2,0.21,0.71,0.44,0.15
Patrick Bamford,Leeds United,0.65,0.59,2,0.5,0.76,3.1,1.33
Harry Maguire,Manchester Utd,0.09,0.07,1,0.18,0.89,1.06,0.27
Trent Alexander-Arnold,Liverpool,0.27,0.32,4,0.39,0.75,1.66,0.33
Michael Keane,Everton,0.12,0.07,1,0.09,0.89,0.48,0.18
Nélson Semedo,Wolves,0.06,0.09,2,0.15,0.81,0.69,0.33
Alisson,Liverpool,0.03,0,0,0,0.85,0.03,0.03
Tosin Adarabioyo,Fulham,0,0.04,1,0.03,0.87,0.61,0.15
Georginio Wijnaldum,Liverpool,0.06,0.15,2,0.06,0.93,0.95,0.28
Darnell Furlong,West Brom,0.12,0.13,1,0.09,0.6,0.8,0.15
Lewis Dunk,Brighton,0.15,0.1,1,0,0.9,0.92,0.4
Marcus Rashford,Manchester Utd,0.62,0.4,3,0.55,0.81,2.43,1.11
Mason Mount,Chelsea,0.31,0.43,5,0.44,0.82,2.55,0.81
Nick Pope,Burnley,0,0.01,0,0,0.51,0,0
Declan Rice,West Ham,0.06,0.11,2,0.09,0.86,0.75,0.22
Dominic Calvert-Lewin,Everton,0.5,0.55,2,0.28,0.72,2.54,1.44
Richarlison,Everton,0.28,0.44,3,0.28,0.69,2.58,1.01
Jack Harrison,Leeds United,0.51,0.43,3,0.47,0.68,1.49,0.6
Rúben Dias,Manchester City,0.03,0.08,1,0.06,0.94,0.44,0.22
Jamie Vardy,Leicester City,0.51,0.56,2,0.67,0.66,2.31,0.86
Roberto Firmino,Liverpool,0.51,0.6,3,0.29,0.8,2.63,1.01
Josh Brownhill,Burnley,0.03,0.1,1,0.03,0.79,1.15,0.26
Sadio Mané,Liverpool,0.58,0.67,4,0.38,0.75,2.98,1.12
George Baldock,Sheffield Utd,0.06,0.09,1,0.06,0.79,0.42,0.06
Douglas Luiz,Aston Villa,0.06,0.1,1,0.16,0.85,0.84,0.23
Semi Ajayi,West Brom,0.06,0.05,0,0.1,0.74,0.42,0.13
Stuart Armstrong,Southampton,0.29,0.18,3,0.49,0.8,1.76,0.39
Rodri,Manchester City,0.1,0.11,2,0.26,0.92,1.02,0.23
Ademola Lookman,Fulham,0.26,0.33,4,0.36,0.75,2.23,0.69
Edouard Mendy,Chelsea,0,0,0,0,0.85,0,0
Jordan Pickford,Everton,0,0,0,0.07,0.66,0,0
Chris Wood,Burnley,0.43,0.46,2,0.26,0.67,2.2,1.21
Joachim Andersen,Fulham,0.07,0.05,1,0.07,0.83,0.43,0.1
Alex McCarthy,Southampton,0,0,0,0,0.64,0,0
Enda Stevens,Sheffield Utd,0.03,0.09,1,0.1,0.78,0.53,0.13
Ben Mee,Burnley,0.07,0.07,0,0.03,0.75,0.74,0.2
Ben Godfrey,Everton,0.07,0.05,0,0.07,0.85,0.47,0.07
Lucas Digne,Everton,0.23,0.2,2,0.37,0.73,0.44,0
Rúben Neves,Wolves,0.1,0.17,2,0.07,0.84,2.15,0.47
Che Adams,Southampton,0.47,0.49,2,0.27,0.7,1.89,1.05
Ola Aina,Fulham,0.1,0.08,1,0.14,0.78,0.47,0.14
Luke Shaw,Manchester Utd,0.2,0.2,4,0.37,0.82,0.37,0.2
Adama Traoré,Wolves,0.14,0.26,4,0.2,0.66,1.46,0.44
Kyle Walker-Peters,Southampton,0.07,0.08,1,0.24,0.8,0.65,0.24
John Egan,Sheffield Utd,0.03,0.03,0,0.03,0.85,0.48,0.1
Jonjo Shelvey,Newcastle Utd,0.14,0.18,2,0.28,0.74,1.44,0.31
Wilfried Zaha,Crystal Palace,0.38,0.32,3,0.41,0.76,2.03,0.65
Leandro Trossard,Brighton,0.35,0.32,3,0.38,0.75,2,0.79
Timo Werner,Chelsea,0.48,0.62,3,0.66,0.77,2.77,1.07
Ryan Bertrand,Southampton,0.03,0.06,1,0.1,0.77,0.28,0.1
Adam Webster,Brighton,0.03,0.05,1,0.03,0.83,0.83,0.21
Andre-Frank Zambo Anguissa,Fulham,0.1,0.14,2,0.21,0.85,1.18,0.28
Victor Lindelöf,Manchester Utd,0.07,0.05,0,0.03,0.91,0.14,0.03
Kyle Bartley,West Brom,0.14,0.08,0,0.03,0.78,0.49,0.17
Matheus Pereira,West Brom,0.45,0.33,4,0.42,0.72,2.13,0.84
Chris Basham,Sheffield Utd,0.03,0.05,1,0.03,0.81,0.35,0.03
John Fleck,Sheffield Utd,0.07,0.12,2,0.1,0.78,0.59,0.17
Jannik Vestergaard,Southampton,0.1,0.09,1,0.14,0.84,0.73,0.28
Pablo Fornals,West Ham,0.31,0.32,2,0.42,0.77,1.75,0.52
Fabinho,Liverpool,0,0.03,1,0.14,0.91,0.35,0.04
Jarrod Bowen,West Ham,0.46,0.38,3,0.39,0.68,1.93,0.56
Eberechi Eze,Crystal Palace,0.35,0.18,3,0.42,0.79,1.3,0.46
Rob Holding,Arsenal,0.04,0.05,0,0.11,0.89,0.49,0.07
Bukayo Saka,Arsenal,0.28,0.41,3,0.42,0.75,2.15,0.74
Pedro Neto,Wolves,0.39,0.39,4,0.32,0.79,2.15,0.74
Raheem Sterling,Manchester City,0.6,0.58,4,0.53,0.85,2.38,0.99
Conor Gallagher,West Brom,0.14,0.12,1,0.11,0.78,1.03,0.25
João Moutinho,Wolves,0.07,0.12,3,0.14,0.85,0.53,0.14
Granit Xhaka,Arsenal,0.11,0.09,1,0.11,0.9,0.75,0.21
Eric Dier,Tottenham,0,0.03,1,0,0.85,0.5,0.07
Neal Maupay,Brighton,0.25,0.48,3,0.29,0.77,2.4,0.79
Leander Dendoncker,Wolves,0.04,0.14,2,0.22,0.88,1.15,0.29
Angelo Ogbonna,West Ham,0.11,0.09,0,0,0.84,0.43,0.14
Pascal Groß,Brighton,0.29,0.29,4,0.33,0.76,1.01,0.14
Jonny Evans,Leicester City,0.15,0.07,1,0.15,0.88,0.29,0.11
Ivan Cavaleiro,Fulham,0.07,0.29,3,0.04,0.72,1.67,0.58
Ezgjan Alioski,Leeds United,0.18,0.17,2,0.22,0.8,0.91,0.29
Abdoulaye Doucouré,Everton,0.18,0.16,2,0.18,0.86,0.66,0.18
Robert Sánchez,Brighton,0,0,0,0,0.72,0,0
Miguel Almirón,Newcastle Utd,0.19,0.22,2,0.15,0.81,1.22,0.48
Kalvin Phillips,Leeds United,0.11,0.15,2,0.04,0.83,0.56,0.19
Charlie Taylor,Burnley,0.04,0.07,1,0.11,0.7,0.11,0.07
Romain Saïss,Wolves,0.11,0.14,1,0.04,0.82,1.12,0.45
David McGoldrick,Sheffield Utd,0.34,0.31,2,0.04,0.74,2.7,0.9
Mateusz Klich,Leeds United,0.26,0.22,4,0.49,0.79,1.28,0.38
Fred,Manchester Utd,0.04,0.17,3,0.19,0.88,0.94,0.26
Reece James,Chelsea,0.11,0.18,3,0.19,0.85,1.37,0.46
Bobby Reid,Fulham,0.27,0.23,1,0.19,0.74,1.29,0.3
Matty Cash,Aston Villa,0.08,0.1,1,0.08,0.74,0.34,0.08
Raphael Dias Belloli,Leeds United,0.57,0.54,4,0.53,0.67,2.59,1.03
Luka Milivojević,Crystal Palace,0.04,0.08,1,0.11,0.81,0.65,0.19
Timothy Castagne,Leicester City,0.19,0.13,2,0.12,0.84,0.31,0.12
Pierre-Emerick Aubameyang,Arsenal,0.42,0.46,2,0.27,0.75,2.16,0.73
Bertrand Traoré,Aston Villa,0.5,0.37,3,0.35,0.71,2.52,0.89
João Cancelo,Manchester City,0.2,0.27,3,0.39,0.86,1.37,0.43
Kieran Tierney,Arsenal,0.16,0.17,2,0.27,0.76,0.59,0.12
David de Gea,Manchester Utd,0,0,0,0.04,0.77,0,0
Mason Holgate,Everton,0.04,0.06,1,0,0.79,0.2,0.12
Ben Chilwell,Chelsea,0.31,0.21,2,0.35,0.79,1.06,0.39
Joël Veltman,Brighton,0.08,0.1,2,0.04,0.77,0.55,0.16
Wesley Fofana,Leicester City,0,0.05,1,0.04,0.88,0.44,0.08
Andros Townsend,Crystal Palace,0.24,0.24,3,0.28,0.68,1.43,0.44
Joel Ward,Crystal Palace,0.04,0.02,1,0.08,0.73,0.08,0.04
Gylfi Sigurðsson,Everton,0.32,0.35,3,0.24,0.79,1.8,0.48
Karl Darlow,Newcastle Utd,0,0,0,0.04,0.5,0,0
Harrison Reed,Fulham,0.08,0.07,2,0.12,0.86,0.52,0.16
Sergio Reguilón,Tottenham,0.12,0.13,2,0.32,0.77,0.84,0.16
Toby Alderweireld,Tottenham,0.04,0.05,1,0.12,0.84,0.44,0.12
Conor Townsend,West Brom,0.08,0.13,2,0.16,0.75,0.44,0.16
Oliver Norwood,Sheffield Utd,0,0.09,2,0.04,0.8,0.45,0.04
César Azpilicueta,Chelsea,0.12,0.14,2,0.16,0.88,0.45,0.16
Jack Grealish,Aston Villa,0.66,0.53,6,0.86,0.79,2.02,0.7
Liam Cooper,Leeds United,0.04,0.05,1,0.08,0.88,0.62,0.33
Wilfred Ndidi,Leicester City,0.21,0.09,1,0.33,0.88,0.66,0.04
Danny Ings,Southampton,0.58,0.39,2,0.41,0.66,2.28,0.99
Antonee Robinson,Fulham,0,0.09,2,0.08,0.73,0.46,0.17
N'Golo Kanté,Chelsea,0.08,0.08,2,0.04,0.87,0.42,0.13
Scott McTominay,Manchester Utd,0.21,0.13,1,0.13,0.87,1.1,0.3
Dara O'Shea,West Brom,0,0.01,1,0.09,0.66,0.17,0
James Maddison,Leicester City,0.56,0.42,5,0.47,0.77,3.17,1.03
Jordan Ayew,Crystal Palace,0.17,0.13,1,0.3,0.79,1.07,0.47
Tanguy Ndombele,Tottenham,0.22,0.16,2,0.34,0.85,0.77,0.3
Ethan Ampadu,Sheffield Utd,0,0.06,1,0,0.81,0.3,0.09
Héctor Bellerín,Arsenal,0.13,0.14,2,0.3,0.83,0.65,0.22
Callum Wilson,Newcastle Utd,0.56,0.45,2,0.48,0.7,1.9,0.69
Federico Fernández,Newcastle Utd,0,0.03,0,0,0.8,0.22,0.13
Pascal Struijk,Leeds United,0.04,0.11,1,0.09,0.87,0.61,0.17
James Justin,Leicester City,0.13,0.14,2,0.3,0.79,0.43,0.13
Bernardo Silva,Manchester City,0.35,0.28,3,0.44,0.9,1.22,0.57
Gabriel Jesus,Manchester City,0.57,0.53,3,0.48,0.85,2.36,0.7
Dan Burn,Brighton,0.04,0.11,1,0.04,0.77,0.7,0.26
Allan,Everton,0,0.05,2,0.09,0.86,0.31,0.09
John Lundstram,Sheffield Utd,0.09,0.11,2,0.13,0.81,0.84,0.18
İlkay Gündoğan,Manchester City,0.62,0.53,4,0.44,0.91,2.31,0.93
Kurt Zouma,Chelsea,0.22,0.08,0,0,0.92,1.2,0.53
Jorginho,Chelsea,0.04,0.1,2,0.13,0.9,0.27,0
Kevin De Bruyne,Manchester City,0.72,0.79,6,0.86,0.76,3.56,1.13
Gabriel Dos Santos,Arsenal,0.09,0.05,0,0,0.86,0.72,0.18
Joelinton,Newcastle Utd,0.23,0.34,2,0.36,0.74,2.04,0.86
Michail Antonio,West Ham,0.68,0.62,3,0.5,0.67,2.92,1.05
Riyad Mahrez,Manchester City,0.69,0.53,4,0.65,0.84,2.68,1.02
Kyle Walker,Manchester City,0.09,0.04,1,0.23,0.89,0.46,0.14
Harvey Barnes,Leicester City,0.6,0.35,3,0.37,0.75,2.54,1.16
Isaac Hayden,Newcastle Utd,0,0.04,1,0,0.8,0.6,0.09
Yerry Mina,Everton,0.09,0.06,0,0,0.91,0.79,0.19
Thiago Silva,Chelsea,0.09,0.07,1,0.05,0.94,0.6,0.19
John Stones,Manchester City,0.19,0.11,1,0.05,0.94,0.7,0.23
Craig Dawson,West Ham,0.14,0.08,0,0,0.83,0.75,0.23
Alexandre Lacazette,Arsenal,0.56,0.47,2,0.23,0.78,2.01,1.17
Ruben Loftus-Cheek,Fulham,0.05,0.21,3,0,0.83,1.74,0.38
Paul Pogba,Manchester Utd,0.28,0.2,3,0.33,0.83,1.47,0.52
Ciaran Clark,Newcastle Utd,0.05,0.02,0,0,0.83,0.38,0.1
Willy Boly,Wolves,0.1,0.07,1,0.05,0.83,0.67,0.14
Thiago Alcántara,Liverpool,0.05,0.18,3,0.1,0.9,1.07,0.24
Jamal Lewis,Newcastle Utd,0.05,0.09,1,0.1,0.76,0.15,0.05
Matt Phillips,West Brom,0.15,0.27,2,0.1,0.69,1.08,0.44
Mason Greenwood,Manchester Utd,0.44,0.45,2,0.25,0.83,3.31,1.14
Jaïro Riedewald,Crystal Palace,0.1,0.08,1,0,0.85,0.4,0.1
Çağlar Söyüncü,Leicester City,0.05,0.04,0,0,0.89,0.45,0.15
Christian Benteke,Crystal Palace,0.55,0.45,2,0.25,0.64,3.52,1.64
Mateo Kovačić,Chelsea,0.05,0.14,2,0.2,0.91,1.14,0.2
Gary Cahill,Crystal Palace,0.1,0.07,1,0.1,0.85,0.55,0.15
Patrick van Aanholt,Crystal Palace,0.05,0.1,1,0.15,0.79,0.91,0.3
James Rodríguez,Everton,0.51,0.45,4,0.66,0.79,1.89,0.97
Oriol Romeu,Southampton,0.1,0.08,2,0.2,0.83,0.71,0.2
Marc Albrighton,Leicester City,0.31,0.29,4,0.57,0.69,1.08,0.46
Nathan Redmond,Southampton,0.26,0.34,3,0.21,0.76,2.33,0.72
Christian Pulisic,Chelsea,0.31,0.43,3,0.41,0.8,2.23,0.83
Tyrick Mitchell,Crystal Palace,0.11,0.04,0,0.16,0.7,0.11,0.11
Antonio Rüdiger,Chelsea,0.05,0.08,1,0.05,0.91,0.74,0.32
Jordan Henderson,Liverpool,0.11,0.16,2,0.21,0.87,0.74,0.21
Mario Lemina,Fulham,0.05,0.09,1,0.11,0.85,0.95,0.11
Solly March,Brighton,0.16,0.18,3,0.16,0.7,1.18,0.22
Daniel Podence,Wolves,0.27,0.27,3,0.38,0.75,1.73,0.76
Jacob Murphy,Newcastle Utd,0.28,0.2,2,0.22,0.68,1.61,0.44
Jamaal Lascelles,Newcastle Utd,0.11,0.06,0,0,0.81,0.83,0.17
Theo Walcott,Southampton,0.33,0.23,2,0.22,0.72,1.67,0.61
Nicolas Pépé,Arsenal,0.56,0.39,2,0.5,0.76,2.67,1.11
Phil Foden,Manchester City,0.78,0.54,4,0.78,0.82,2.51,1.11
Dani Ceballos,Arsenal,0.17,0.2,3,0.28,0.87,0.67,0.11
Anwar El Ghazi,Aston Villa,0.33,0.41,3,0.06,0.71,3.35,1.45
Séamus Coleman,Everton,0.17,0.17,2,0.28,0.82,0.67,0.22
Serge Aurier,Tottenham,0.28,0.18,2,0.22,0.81,0.79,0.34
Ben Osborn,Sheffield Utd,0.06,0.19,2,0,0.79,0.5,0.22
Adam Lallana,Brighton,0.11,0.3,3,0.23,0.85,1.24,0.23
Moussa Sissoko,Tottenham,0,0.05,1,0.06,0.84,0.17,0.06
André Gomes,Everton,0.06,0.08,2,0.11,0.83,0.8,0.17
Callum Robinson,West Brom,0.29,0.22,2,0.23,0.71,1.79,0.63
Allan Saint-Maximin,Newcastle Utd,0.4,0.34,4,0.58,0.8,1.73,0.69
Danny Welbeck,Brighton,0.41,0.48,3,0.29,0.82,1.92,0.82
Mohamed Elneny,Arsenal,0.06,0.04,1,0,0.93,0.52,0.12
Alex Iwobi,Everton,0.18,0.17,3,0.29,0.77,0.88,0.18
Jack Stephens,Southampton,0,0.07,1,0,0.83,0.35,0.12
Thomas Partey,Arsenal,0.12,0.14,2,0.23,0.87,1.53,0.23
Ross Barkley,Aston Villa,0.24,0.4,4,0.29,0.81,2.23,0.65
Kai Havertz,Chelsea,0.41,0.46,3,0.47,0.86,2.07,0.89
Romaine Sawyers,West Brom,0,0.03,1,0.12,0.85,0.24,0
Davinson Sánchez,Tottenham,0,0.07,0,0.06,0.87,0.36,0
Kenny Tete,Fulham,0.06,0.11,2,0.12,0.74,0.43,0.12
Anthony Martial,Manchester Utd,0.43,0.51,3,0.49,0.83,2.61,1.28
Oleksandr Zinchenko,Manchester City,0,0.13,2,0.12,0.9,0.97,0.24
James McArthur,Crystal Palace,0.12,0.07,1,0.12,0.82,0.37,0
Kelechi Iheanacho,Leicester City,0.86,0.62,3,0.19,0.8,3.58,1.54
Nampalys Mendy,Leicester City,0.06,0.03,1,0.12,0.91,0.25,0.12
Nathaniel Phillips,Liverpool,0.12,0.09,1,0.06,0.87,0.8,0.06
Emile Smith-Rowe,Arsenal,0.37,0.31,3,0.44,0.88,0.81,0.25
Jeffrey Schlupp,Crystal Palace,0.32,0.21,2,0.38,0.71,1.13,0.63
Tom Davies,Everton,0.06,0.07,1,0.13,0.84,0.44,0
Jeff Hendrick,Newcastle Utd,0.19,0.11,1,0.13,0.81,0.7,0.13
Jesse Lingard,West Ham,0.76,0.31,4,0.7,0.81,2.53,1.27
Sean Longstaff,Newcastle Utd,0.06,0.16,1,0.13,0.79,0.96,0.32
Lucas Moura,Tottenham,0.45,0.29,2,0.51,0.75,1.15,0.38
Willian,Arsenal,0.38,0.29,4,0.7,0.79,1.28,0.19
Rayan Aït Nouri,Wolves,0.13,0.1,2,0.13,0.84,1.03,0.38
Aleksandar Mitrović,Fulham,0.32,0.49,3,0.32,0.76,3.59,1.09
David Luiz,Arsenal,0.06,0.09,1,0.06,0.84,0.97,0.13
Saïd Benrahma,West Ham,0.45,0.43,4,0.58,0.78,2.26,0.71
Issa Diop,West Ham,0.13,0.02,0,0.07,0.84,0.2,0.13
Edinson Cavani,Manchester Utd,0.85,0.66,2,0.26,0.79,2.29,0.98
Matěj Vydra,Burnley,0.33,0.51,2,0.39,0.73,2.3,0.59
Andreas Christensen,Chelsea,0,0.03,1,0.07,0.93,0.2,0
Fábio Silva,Wolves,0.39,0.38,2,0.26,0.74,3.02,1.05
Jóhann Berg Guðmundsson,Burnley,0.13,0.14,2,0,0.75,1.25,0.53
Matt Ritchie,Newcastle Utd,0.13,0.13,3,0.27,0.68,0.73,0.07
Jack Cork,Burnley,0,0.06,1,0.07,0.83,0.33,0
Scott Dann,Crystal Palace,0.07,0.02,0,0,0.84,0.33,0.13
Ben Davies,Tottenham,0.07,0.06,1,0.27,0.78,0.2,0
Aymeric Laporte,Manchester City,0,0.1,1,0.07,0.92,0.4,0.07
Tyler Roberts,Leeds United,0.2,0.26,2,0.2,0.72,1.75,0.81
Ayoze Pérez,Leicester City,0.2,0.3,3,0.41,0.77,2.1,0.88
Ashley Barnes,Burnley,0.14,0.34,2,0.14,0.64,2.64,0.81
Oliver McBurnie,Sheffield Utd,0.07,0.28,2,0.2,0.63,2.04,0.82
Okay Yokuşlu,West Brom,0.07,0.1,1,0.14,0.83,0.82,0
Max Kilman,Wolves,0.07,0.07,0,0.07,0.89,0.41,0.14
Ferrán Torres,Manchester City,0.62,0.5,3,0.41,0.81,2.48,0.96
Rodrigo,Leeds United,0.63,0.6,4,0.77,0.75,3.35,1.19
Emil Krafth,Newcastle Utd,0.07,0.04,1,0.07,0.73,0.49,0.21
Oliver Burke,Sheffield Utd,0.14,0.3,2,0.07,0.71,1.77,0.43
Erik Pieters,Burnley,0.07,0.05,1,0.21,0.75,0.28,0.21
Jay Rodriguez,Burnley,0.21,0.31,2,0.28,0.74,2.13,0.64
Paul Dummett,Newcastle Utd,0.07,0.06,0,0.07,0.77,0.22,0.07
Fabian Schär,Newcastle Utd,0,0.03,1,0.07,0.78,0.72,0.29
Jake Livermore,West Brom,0,0.03,1,0.07,0.74,0.36,0
Moussa Djenepo,Southampton,0.07,0.11,2,0.29,0.74,1.02,0.15
Matt Doherty,Tottenham,0.15,0.09,2,0.15,0.81,0.22,0.07
Grady Diangana,West Brom,0.07,0.1,1,0.07,0.73,1.02,0.36
Ainsley Maitland-Niles,West Brom,0,0.1,1,0.15,0.76,0.73,0.22
Steven Bergwijn,Tottenham,0.3,0.28,2,0.45,0.81,1.12,0.37
Diego Llorente,Leeds United,0.07,0.1,0,0.07,0.85,0.6,0.22
Fabián Balbuena,West Ham,0.08,0.05,0,0,0.77,0.6,0.15
Mbaye Diagne,West Brom,0.38,0.51,2,0.61,0.7,1.89,0.68
Fernandinho,Manchester City,0.15,0.13,2,0.23,0.88,1.14,0.23
Curtis Jones,Liverpool,0.23,0.23,3,0.31,0.91,1.45,0.61
Hakim Ziyech,Chelsea,0.38,0.43,5,0.54,0.75,2.69,0.92
Martin Dúbravka,Newcastle Utd,0,0,0,0,0.73,0,0
Trézéguet,Aston Villa,0.23,0.45,2,0.15,0.7,2.7,0.93
Hélder Costa,Leeds United,0.47,0.23,2,0.47,0.74,1.25,0.47
Nathaniel Clyne,Crystal Palace,0.08,0.04,1,0.08,0.77,0.31,0.08
Robin Koch,Leeds United,0,0.08,1,0.16,0.86,0.72,0.16
Rhian Brewster,Sheffield Utd,0,0.27,2,0,0.69,1.99,0.56
Karlan Grant,West Brom,0.08,0.17,1,0.08,0.73,1.28,0.72
Dean Henderson,Manchester Utd,0,0,0,0,0.75,0,0
Sander Berge,Sheffield Utd,0.08,0.14,2,0.08,0.82,0.72,0.08
Alexis Mac Allister,Brighton,0.16,0.28,2,0.16,0.79,2.1,0.24
Diogo Jota,Liverpool,0.73,0.66,3,0.24,0.73,3.72,2.1
Willian José,Wolves,0.08,0.2,2,0.08,0.81,1.54,0.49
Jayden Bogle,Sheffield Utd,0.16,0.16,1,0.08,0.78,1.38,0.57
Nemanja Matić,Manchester Utd,0,0.06,2,0.24,0.91,0.49,0.24
James Milner,Liverpool,0.08,0.14,2,0.08,0.85,1.01,0.25
Callum Hudson-Odoi,Chelsea,0.42,0.38,5,0.68,0.82,1.95,0.51
Robbie Brady,Burnley,0.17,0.15,1,0.09,0.68,1.37,0.43
Tammy Abraham,Chelsea,0.61,0.63,2,0.17,0.68,2.77,1.13
Ibrahima Diallo,Southampton,0,0.11,2,0.09,0.85,0.71,0.18
Arthur Masuaku,West Ham,0.18,0.19,3,0.36,0.8,0.54,0.18
Kean Bryan,Sheffield Utd,0.09,0.07,0,0,0.73,0.18,0.09
Mathew Ryan,Brighton,0,0,0,0,0.79,0,0
Joe Willock,Newcastle Utd,0.74,0.31,2.48,0.28,0.77,1.56,1.1
Luke Thomas,Leicester City,0.09,0.05,1.3,0.28,0.74,0.74,0.28
Marcos Alonso,Chelsea,0.19,0.27,3.09,0.19,0.82,2.06,0.84
Ricardo Pereira,Leicester City,0.09,0.09,1.78,0.19,0.78,0.66,0.38
Benjamin Mendy,Manchester City,0.28,0.08,1.61,0.28,0.82,0.57,0.19
Giovani Lo Celso,Tottenham,0.19,0.23,2.86,0.29,0.79,1.43,0.48
Sébastien Haller,West Ham,0.29,0.4,1.63,0,0.68,2.4,1.06
Ryan Fraser,Newcastle Utd,0.19,0.29,3.69,0.39,0.66,1.26,0.58
Gareth Bale,Tottenham,1.27,0.71,4.4,0.49,0.7,3.72,1.86
Eric Bailly,Manchester Utd,0,0.01,0.29,0.1,0.9,0.2,0
Daniel James,Manchester Utd,0.4,0.34,1.58,0.3,0.78,1.68,0.59
Pablo Marí,Arsenal,0,0,0.2,0,0.91,0.2,0
Steven Alzate,Brighton,0.1,0.11,2.51,0.1,0.9,0.7,0.2
Tariq Lamptey,Brighton,0.2,0.17,2.44,0.41,0.78,0.61,0.2
Jack Robinson,Sheffield Utd,0.1,0.13,0.62,0.41,0.81,0.51,0
Martin Ødegaard,Arsenal,0.31,0.33,4.36,0.62,0.86,1.56,0.31
Harry Winks,Tottenham,0,0.04,0.84,0,0.84,0.42,0.1
Mohammed Salisu,Southampton,0,0.05,0.53,0,0.82,0.43,0.11
Ahmed Elmohamady,Aston Villa,0,0.12,2.25,0.11,0.78,0.97,0.11
Javier Manquillo,Newcastle Utd,0,0.03,0.87,0,0.74,0.11,0
Raúl Jiménez,Wolves,0.44,0.34,2.41,0.44,0.79,2.84,1.09
James McCarthy,Crystal Palace,0,0.03,1.32,0.11,0.77,0.11,0
Josh Maja,Fulham,0.22,0.57,2,0,0.88,2.22,0.78
Kieran Gibbs,West Brom,0,0.04,0.44,0.11,0.72,0.11,0
Ozan Kabak,Liverpool,0,0.03,0.11,0,0.91,0.11,0
Nathan Aké,Manchester City,0.11,0.02,0.34,0,0.93,0.34,0.11
Aaron Connolly,Brighton,0.34,0.42,1.37,0.11,0.78,2.62,0.91
Branislav Ivanović,West Brom,0,0.07,0.12,0,0.85,0.47,0.12
Tom Cairney,Fulham,0.24,0.25,4.15,0.24,0.89,1.42,0.47
Calum Chambers,Arsenal,0.24,0.21,1.91,0.24,0.8,0.96,0
Marvelous Nakamba,Aston Villa,0,0.01,0.48,0,0.86,0.24,0.12
Olivier Giroud,Chelsea,0.48,0.66,1.8,0,0.74,3.49,1.2
Cédric Soares,Arsenal,0.12,0.13,1.69,0.36,0.76,0.84,0.24
Nathan Tella,Southampton,0.24,0.31,2.3,0.24,0.73,1.81,0.85
Billy Sharp,Sheffield Utd,0.12,0.22,0.61,0,0.7,0.86,0.37
Joe Rodon,Tottenham,0,0,0,0,0.89,0,0
Michy Batshuayi,Crystal Palace,0.37,0.35,2.47,0.25,0.7,1.48,0.74
Daniel Amartey,Leicester City,0.12,0.05,0.62,0,0.86,0.37,0.12
Fraser Forster,Southampton,0,0,0,0,0.56,0,0
Dennis Praet,Leicester City,0.25,0.16,1.63,0.25,0.79,1,0.25
Érik Lamela,Tottenham,0.13,0.3,3.26,0.63,0.79,2.76,1.13
Mark Noble,West Ham,0,0.03,0.88,0,0.87,0.13,0
Takumi Minamino,Southampton,0.25,0.22,1.39,0.13,0.72,1.65,0.51
Christian Fuchs,Leicester City,0,0.01,0.38,0,0.81,0.51,0
Joël Matip,Liverpool,0.39,0.22,0.78,0.26,0.88,0.65,0.26
Alex Telles,Manchester Utd,0.26,0.17,2.74,0.39,0.81,0.65,0.13
Joe Bryan,Fulham,0.13,0.11,2.56,0.13,0.7,1.08,0.27
Rhys Williams,Liverpool,0,0.13,0.68,0.14,0.92,0.95,0
Jakub Moder,Brighton,0,0.14,1.53,0.14,0.75,1.81,0.42
Kevin Long,Burnley,0,0.04,0,0,0.71,0.28,0
Kortney Hause,Aston Villa,0.14,0.17,0,0,0.78,0.71,0.14
Robin Olsen,Everton,0,0,0.14,0,0.71,0,0
Tim Ream,Fulham,0,0,0.14,0,0.91,0,0
Jacob Ramsey,Aston Villa,0,0.11,2.01,0.14,0.86,1.58,0.14
Fernando Marçal,Wolves,0,0.03,0.58,0,0.83,0.29,0
Dele Alli,Tottenham,0.15,0.32,3.19,0.44,0.8,1.74,0.58
Joe Gomez,Liverpool,0,0,0.31,0,0.9,0,0
Martinelli,Arsenal,0.46,0.85,3.21,0.15,0.79,3.06,1.22
Kepa Arrizabalaga,Chelsea,0,0,0.15,0,0.82,0,0
Ki-Jana Hoever,Wolves,0,0.04,1.09,0,0.74,0.16,0
Ryan Fredericks,West Ham,0.32,0.24,3.32,0.16,0.73,0.47,0.32
Manuel Lanzini,West Ham,0.32,0.32,3.18,0.64,0.89,1.91,0.48
Hal Robson-Kanu,West Brom,0.32,0.3,1.93,0,0.74,2.09,0.96
Sergio Agüero,Manchester City,0.64,0.51,2.58,0.48,0.84,2.74,1.61
Xherdan Shaqiri,Liverpool,0.32,0.55,5.18,0.49,0.84,1.78,0
James Tomkins,Crystal Palace,0,0.04,0.49,0,0.79,0.33,0
Max Lowe,Sheffield Utd,0,0.04,1.15,0,0.65,0.33,0.16
Filip Krovinović,West Brom,0,0.09,2.8,0.16,0.84,1.32,0.33
Alireza Jahanbakhsh,Brighton,0.17,0.82,3.41,0.17,0.74,3.24,0.51
Phil Jagielka,Sheffield Utd,0,0,0.17,0,0.76,0,0
Robert Snodgrass,West Brom,0,0.09,1.03,0.17,0.79,0.68,0.17
Donny van de Beek,Manchester Utd,0.34,0.22,2.06,0.34,0.84,0.34,0.17
Ben Johnson,West Ham,0.17,0.1,0.86,0,0.7,0.52,0.17
Vitinha,Wolves,0.17,0.22,3.63,0.17,0.88,1.56,0.69
Naby Keïta,Liverpool,0,0.23,2.6,0.17,0.87,1.56,0.35
Dwight Gayle,Newcastle Utd,0.35,0.45,2.28,0.18,0.8,2.8,1.05
Juan Mata,Manchester Utd,0.35,0.21,3.18,0.88,0.84,0.71,0.53
Jonny Castro,Wolves,0,0.04,1.09,0,0.79,0.18,0
Ainsley Maitland-Niles,Arsenal,0,0.06,1.32,0.15,0.76,0.73,0.22
Japhet Tanganga,Tottenham,0,0.04,0.18,0,0.84,0.37,0
Jamie Shackleton,Leeds United,0,0.05,1.17,0.2,0.88,0,0
Bernard,Everton,0.2,0.18,3.36,0.2,0.79,1.19,0.4
DeAndre Yedlin,Newcastle Utd,0,0.03,1.24,0,0.65,0.41,0
Pablo Hernández,Leeds United,0.42,0.39,4.22,0.63,0.74,3.16,0.63
Eddie Nketiah,Arsenal,0.64,0.7,1.7,0.21,0.82,2.55,1.06
Morgan Gibbs-White,Wolves,0.22,0.34,3.7,0.22,0.81,1.96,0.65
Axel Tuanzebe,Manchester Utd,0,0,0,0,0.9,0,0
Andy Carroll,Newcastle Utd,0.23,0.29,2.07,0.23,0.63,3.21,0.46
Eric García,Manchester City,0,0.05,0.94,0,0.94,0.47,0
Matthew Longstaff,Newcastle Utd,0,0.02,0.48,0,0.79,0,0
Andriy Yarmolenko,West Ham,0.24,0.33,3.12,0.24,0.79,1.68,0.48
Josh Onomah,Fulham,0,0.17,1.44,0,0.9,1.44,0.24
Virgil van Dijk,Liverpool,0.24,0.08,0.24,0,0.9,0.97,0.49
Bailey Peacock-Farrell,Burnley,0,0,0.25,0,0.51,0,0
Ian Carlo Poveda,Leeds United,0,0.3,2.28,0,0.74,1.27,0.76
Hamza Choudhury,Leicester City,0,0.11,0.85,0.28,0.81,1.14,0.28
Aboubakar Kamara,Fulham,0,0.22,2.86,0,0.72,1.14,0.57
Carlos Vinícius,Tottenham,0.29,0.43,1.17,0,0.57,2.05,1.17
Lys Mousset,Sheffield Utd,0,0.32,1.22,0,0.8,1.22,0.61
Morgan Sanson,Aston Villa,0,0.05,1.22,0,0.76,0.61,0
Takumi Minamino,Liverpool,0.31,0.2,1.39,0.13,0.72,1.65,0.51
Daniel Jebbison,Sheffield Utd,0.32,0.51,1.27,0,0.71,1.27,0.63
Cengiz Ünder,Leicester City,0.64,0.65,4.16,0.64,0.71,3.2,0.64
Keinan Davis,Aston Villa,0.65,0.49,4.87,0.65,0.73,2.92,0.65
Mamadou Sakho,Crystal Palace,0,0.01,0,0,0.88,0.33,0
Phil Bardsley,Burnley,0,0.04,0.99,0,0.7,1.31,0
Adrián,Liverpool,0,0,0,0,0.77,0,0
Kiko Casilla,Leeds United,0,0,0.33,0,0.87,0,0
Jimmy Dunne,Burnley,0.33,0.17,1,0,0.71,2.33,0.33
Denis Odoi,Fulham,0,0.05,1.67,0,0.83,0.67,0.33
Darren Randolph,West Ham,0,0,0,0,0.55,0,0
Mathew Ryan,Arsenal,0,0,0,0,0.79,0,0
Fabian Delph,Everton,0,0.04,1.02,0,0.88,0.34,0
Josh Benson,Burnley,0,0.06,0.34,0,0.73,0.68,0
Michael Hector,Fulham,0,0.04,0.68,0,0.79,0.34,0
Dale Stephens,Burnley,0,0.06,0.69,0,0.83,1.38,0
Billy Gilmour,Chelsea,0,0.06,1.38,0,0.89,0.34,0
Fabio Carvalho,Fulham,0.35,0.53,1.76,0,0.78,3.18,1.41
Alex Oxlade-Chamberlain,Liverpool,0.71,0.21,1.78,0.71,0.75,2.85,1.07
Neco Williams,Liverpool,0,0.13,1.45,0,0.73,0.72,0
Joe Willock,Arsenal,0,0.18,2.48,0.28,0.77,1.56,1.1
Lee Peltier,West Brom,0,0,0.79,0.39,0.63,0,0
Conor Hourihane,Aston Villa,0.8,0.52,3.2,0.4,0.75,2,0.8
Jean-Philippe Mateta,Crystal Palace,0.41,0.09,1.22,0,0.61,1.63,0.81
Davy Pröpper,Brighton,0,0.04,0.42,0,0.76,1.69,0.85
Shane Long,Southampton,0,0.02,0,0,0.64,0.86,0.43
Bernardo,Brighton,0,0.22,1.75,0,0.71,1.75,0
Brandon Williams,Manchester Utd,0,0.06,0.48,0,0.86,0.48,0.48
Owen Otasowie,Wolves,0.48,0.34,3.37,0.48,0.7,1.93,0
Divock Origi,Liverpool,0,0.58,1.45,0,0.77,3.39,0.97
Caoimhín Kelleher,Liverpool,0,0,0,0,0.82,0,0
Will Norris,Burnley,0,0.04,0.5,0,0.48,0,0
Jack O'Connell,Sheffield Utd,0,0,0,0,0.78,0,0
Marek Rodák,Fulham,0,0,0,0,0.8,0,0
Rúben Vinagre,Wolves,0,0,0,0,0.84,0,0
William Smallbone,Southampton,0,0.04,1.57,0,0.82,0.52,0.52
Andi Zeqiri,Brighton,0,0.37,2.11,0.53,0.47,3.68,1.05
Amad Diallo,Manchester Utd,0.54,0.29,1.08,0.54,0.84,0.54,0.54
Anthony Elanga,Manchester Utd,0.58,0.18,1.16,0,0.81,1.74,0.58
Joshua King,Everton,0,0.48,1.22,0,0.71,1.82,0.61
Kamil Grosicki,West Brom,0.61,0.13,3.04,1.22,0.65,1.82,0
Charlie Austin,West Brom,0,0.13,0.65,0,0.74,1.96,0
Maxime Le Marchand,Fulham,0,0.01,1.46,0,0.95,0.73,0
Neeskens Kebano,Fulham,0,0.22,2.27,0,0.79,4.54,0
Kyle Edwards,West Brom,0,0.11,0.76,0,0.86,1.53,0.76
Gaetano Berardi,Leeds United,0,0.03,0.8,0,0.82,0.8,0
Dan Nlundulu,Southampton,0,0.1,0.81,0,0.67,0.81,0
Percy Tau,Brighton,0.87,0.27,4.37,0.87,0.76,0,0
Yan Valery,Southampton,0,0.27,0,0,0.83,1.75,0
John Ruddy,Wolves,0,0,0,0,0.79,0,0
Emerson Palmieri,Chelsea,0,0,0,0,0.81,0,0
Jack Butland,Crystal Palace,0,0,0,0,0.29,0,0
David Button,West Brom,0,0,0,0,0.43,0,0
Willy Caballero,Chelsea,0,0,0,0,0.92,0,0
Scott Carson,Manchester City,0,0,0,0,0.94,0,0
Ahmed Hegazi,West Brom,0,0,1,0,0.71,0,0
Sead Kolašinac,Arsenal,0,0,0,0,0.84,0,0
Terence Kongolo,Fulham,0,0.03,1,0,0.95,0,0
Kayne Ramsey,Southampton,0,0,0,0,0.69,0,0
Zack Steffen,Manchester City,0,0,0,0,0.82,0,0
Anthony Gordon,Everton,0,0.03,1.02,0,0.85,0,0
Sidnei Tavares,Leicester City,0,0.06,1.06,0,0.73,1.06,1.06
Niels Nkounkou,Everton,0,0.02,1.11,0,0.79,1.11,0
Timothy Fosu-Mensah,Manchester Utd,0,0.34,4.5,0,0.87,1.13,0
Jonjoe Kenny,Everton,0,0,1.14,0,0.77,0,0
Reiss Nelson,Arsenal,0,0.06,1.27,0,0.57,1.27,0
Jake Vokins,Southampton,0,0.22,4.09,0,0.91,0,0
Sam Field,West Brom,0,0,0,0,0.65,0,0
Michael Obafemi,Southampton,0,0.16,1.48,0,0.87,0,0
Ruben Loftus-Cheek,Chelsea,0,0,2.5,0,0.83,1.74,0.38
Cenk Tosun,Everton,0,0.25,3.75,1.87,0.8,0,0
João Virgínia,Everton,0,0,0,0,0.53,0,0
Shkodran Mustafi,Arsenal,0,0,0,0,0.85,0,0
Fikayo Tomori,Chelsea,0,0,0,0,0.93,0,0
Ross Barkley,Chelsea,0,0.22,4.41,0.29,0.81,2.23,0.65
Joel Mumbongo,Burnley,0,0,0,0,0.83,0,0
Liam Delap,Manchester City,0,0.06,0,0,0.71,2.25,0
Caleb Watts,Southampton,0,0,2.31,0,0.62,0,0
Niall Huggins,Leeds United,0,0,0,0,0.74,0,0
Leif Davis,Leeds United,0,0,2.73,0,0.84,0,0
Rekeem Harper,West Brom,0,0.12,0,0,0.81,2.81,2.81
Patrick Cutrone,Wolves,0,0.61,0,0,0.8,3.6,0
Oskar Buur,Wolves,0,0,0,0,0.93,0,0